,dia,hdl,ldl,sys,tl
snp1,0.2859108195177413,0.41667330049172757,0.40725838872635256,0.5080090591753297,0.5833029773760481
snp10,0.0626035408921172,0.08562978145830141,0.2271012884134699,0.17322360957260186,0.058708064424978175
snp100,0.6037855261915135,0.03814251989035278,0.5631287194274252,0.7805568850800823,0.2635012670472082
snp101,1.1369378108335797e-06,7.427732139084043e-10,0.026043823196206857,2.348645022113983e-10,0.03503398520074825
snp102,0.8353007203039509,0.6226461083551815,0.49086090852731434,0.3816799750894686,0.6091347565973255
snp103,0.6508710963960618,0.7809439061680988,0.2263913859375066,0.899811557155924,0.43930696646055756
snp104,0.6154492482935048,0.46213610494341206,0.2966106947425438,0.8197620651952882,0.27020939736517247
snp105,0.1020856235507979,0.010558874492333352,0.4228218193062966,0.09039825596713386,0.028286875221299152
snp106,0.8230620449155405,0.9623698164031622,0.5777585172262099,0.32848800880703977,0.2351909810756289
snp107,0.41306920193175867,0.5372767637342825,0.5826070136140353,0.5383795890604597,0.5194311867325602
snp108,0.009457367230623669,0.36314325950976223,0.157348062552637,0.0029596964311291024,0.09466125605400333
snp109,0.815357880806098,0.25693274582966474,0.591202749421142,0.013923946610149888,0.3038941415954643
snp11,0.5241363320199539,0.027316749602609294,0.18888787900554446,0.6373356725369779,0.2123574544401617
snp110,5.220162874646248e-06,1.0408044265739069e-07,0.27931569141055684,1.521770593662028e-10,1.8986574849963418e-05
snp111,4.5746980476113235e-05,0.0009308663719192719,0.7465170659618217,5.604918864603578e-10,0.0009933410089124288
snp112,0.8856882094983244,0.22280531287220565,0.917084587157544,0.9821358414895542,0.6969100548818005
snp113,1.5741010349998867e-05,4.465896891560817e-05,0.5258505249695945,1.1669914936624522e-10,0.00026544963867845226
snp114,0.0007586634363997885,0.028673301731245722,0.7754335590642143,2.5085041079504705e-08,0.005543462025960308
snp115,0.6136322585226127,0.0009592822865456902,0.19802890942265333,0.5298065919853362,0.016521762550115934
snp116,0.00021138880821365807,0.005901616603566355,0.31139682376379746,1.0488597941681108e-07,0.06296310925207829
snp117,9.915445417098261e-05,0.0002828295494677525,0.8615419288197611,1.5373687864958522e-08,0.11460458314194984
snp118,0.9657114958532966,0.08349188057337843,0.02997595425605698,0.2830642413604818,0.47527711832232267
snp119,0.8508843756994562,0.9948559888801035,0.09213428678616041,0.1177781586451684,0.3710939625716865
snp12,6.281838420934749e-05,1.4893539826189326e-09,0.12015993516256933,7.56411897629974e-13,4.731222384957543e-06
snp120,0.2766361472254285,0.533720274206875,0.11351747660220343,0.4154626162202597,0.5442950388388388
snp121,0.7051083140522494,0.796663255540146,0.208574353704109,0.9001010412727426,0.12042932488051228
snp122,0.4033920322826765,0.9921133725822409,0.10953208025211898,0.06716622697232276,0.7229886878286045
snp123,0.6293270731728049,0.6560631344673893,0.3054701745619785,0.5789009061291547,0.9969791350094003
snp124,0.0010089807401458492,0.012461651173262941,0.09685068364896698,3.9270638646382793e-07,0.02639898677995716
snp125,0.1575441704721116,0.5431576665131954,0.19802733750385612,0.0012284100930675806,0.4366450320434184
snp126,0.3226815503033683,0.27359812017909585,0.5156035227969114,0.596292904976004,0.29772945432392767
snp127,0.00019166167460787163,1.2081624828588189e-05,0.02819542038301164,3.523379399351252e-07,0.0005593870016528644
snp128,0.5336867085429742,0.14108925931262378,0.9106841828452734,0.17820889516593677,0.653357451493033
snp129,0.7712899886372239,0.9101460028580671,0.7541445206339272,0.1679371429793266,0.18115679611692886
snp13,0.09732093112761611,0.12088946545368462,0.0647529812611396,0.004271942420349172,0.5677144054212402
snp130,0.16890583392343264,0.3347860868067605,0.10929036452521299,0.31134055903699426,0.11872588912562705
snp131,1.9884675336549088e-05,1.8805440715667999e-06,0.5337162691863659,1.9726990748500774e-09,0.0004472162566378728
snp132,0.1340100049461744,0.5361137110009793,0.025705901280429832,0.7743619034216513,0.828790898538938
snp133,0.5392503738266756,0.05765473972197797,0.86741960255657,0.6299470417545201,0.8773243416901273
snp134,0.08895031513087576,0.006637080459580729,0.5942195947381995,0.13099570865246046,0.4095631318677788
snp135,0.020109081342435203,0.07412858695878849,0.5242823566223673,0.025351003989463494,0.3383053246175115
snp136,0.6430385759000974,0.14106316530004626,0.30584030630204856,0.7867759293990353,0.7488679376126248
snp137,0.007759119387385839,0.03535882329292713,0.2892924042450548,3.0592129329376636e-05,0.9759510214556726
snp138,0.3251175136061686,3.2344053977172255e-06,0.2594212158109626,0.49924147076957415,0.16110654366762991
snp139,0.6273229643325349,0.36397883598711067,0.6361798999440074,0.9389993778352839,0.6296462482506124
snp14,0.21813278216165258,0.08722475597891517,0.5266940451827418,0.22927754941345485,0.4196587352270623
snp140,0.06405496247837784,0.028944232833005314,0.23947225705054953,0.06451489856231575,0.24628639149911905
snp141,0.187799193330144,0.9325543244332308,0.7674104372446171,0.6582815116806906,0.9292798617890813
snp142,0.643745387230306,0.16434467038835396,0.31869178397735,0.5490377869538261,0.7283338903163202
snp143,0.10266841935567472,0.04512309347229172,0.5298375544144414,0.0014739592510866976,0.0017448728167674538
snp144,0.03968927352723459,0.05834009506850502,0.4490641249387488,0.0034725104492428667,0.7104964936565986
snp145,0.005807772950373305,0.48063302422797105,0.06752760315309492,0.0012785127544917196,0.010507204818386757
snp146,6.645509181843237e-05,1.600538909711653e-07,0.59248463433491,1.3361678964060764e-13,1.6940100704448355e-05
snp147,0.6544537377663266,0.029661540924354603,0.725633506059665,0.439244445148511,0.24609973086091347
snp148,0.719662704051828,0.04726881629785106,0.6403138171871409,0.38215663231096475,0.37507946823241345
snp149,0.20432762956947365,0.5674750319652773,0.8151429641679162,0.42416798907162445,0.4914184658004602
snp15,0.3513239345164614,0.3664269606001799,0.6262161265605818,0.12654613738102277,0.9104326139198693
snp150,0.0019831923984732483,0.045880497292743544,0.10201154119258926,0.007700581100980195,0.7510106514280169
snp151,0.5210674742417211,0.1028895649642022,0.9451940662876375,0.39636893482677416,0.8243719171030878
snp152,0.9882025209833165,0.5047187691718813,0.7129839385122836,0.8402295971650169,0.7397978259239147
snp153,0.114798796016708,0.004435883109158514,0.36248661155179673,0.687759487955622,0.0033874922105024585
snp154,0.2430421865934817,0.38197638790282173,0.5636537992371119,0.11888677106596401,0.7270232670849375
snp155,0.7228622419072279,0.19953726755550688,0.9240675423742639,0.33418882002733463,0.9201655638805721
snp156,0.6911781533216311,0.01574513894980771,0.561748948420651,0.17436131695936005,0.0718403983203168
snp157,0.9923344042116029,0.32738981911844645,0.24891055321544,0.7655411449579945,0.47453006262837927
snp158,0.6021121718983179,0.8191469750758066,0.7504496411025768,0.8579830467272254,0.41988859616570606
snp159,0.00020698865845060891,0.00294064330838366,0.9030769744627573,0.0005470718397597195,0.006905540450614523
snp16,0.17903586359674678,0.28782817385350373,0.2601185004791963,0.08582355429490228,0.13194353679819032
snp160,0.0011154534565491507,0.03702032126484816,0.17301402109189185,0.00028782223749680263,0.7779318018485714
snp161,0.77780557166157,0.7346916553519953,0.8338336821289405,0.946331620097723,0.1790559441362597
snp162,0.010381731707269318,0.712845982974615,0.42434478504454465,0.29321513970628776,0.06488993890566624
snp163,0.2487529403786665,0.6653919117141651,0.14342685613224485,0.5525455337543179,0.9946815449353764
snp164,0.023906821117794356,0.9936345561344222,0.8880346365918828,0.033183534459561966,0.6973473885808366
snp165,0.25997767806982847,0.053163527269702526,0.9708823570543408,0.249779276683353,0.2131344020779285
snp166,0.5945718673614626,0.24084795809403411,0.38193197222181796,0.06648564499966113,0.8962664056298583
snp167,0.8768125622617398,0.012811643180308939,0.21483627995744925,0.3449774847856273,0.52459534925435
snp168,0.024892541393524627,0.6320478436694963,0.6307838668851269,0.03964345112066083,0.9075158889670756
snp169,0.7503782300898889,0.009303783874311291,0.41736212410568096,0.46581586111616036,0.573179007913671
snp17,0.34342527819777446,0.3569515328154702,0.6568507528300509,0.4883795237097026,0.2852564494719351
snp170,0.012427679784402838,0.00356711501685445,0.8360448395626504,7.170456399450427e-05,0.015525875007389093
snp171,0.0006821029483109211,0.0015906935950412582,0.6601404407876443,2.0598470986571177e-06,0.08029927756849134
snp172,0.5531598295759916,0.6537437588326169,0.3208579557080705,0.8309870930230261,0.3609832321023545
snp173,0.38414821406597177,0.21234815737972948,0.21510564865538753,0.04518131350940078,0.9402413071706519
snp174,4.448730207402837e-05,0.00019738755451807925,0.25023816953643,6.992190547225063e-09,0.000965579519221664
snp175,7.813796664560237e-07,3.4196278945400144e-10,0.013365951342021273,3.0102671798165233e-10,0.021705438314191104
snp176,0.06837558751569144,0.050517338923759016,0.003564335218518241,0.14140633590777854,0.9712310037150855
snp177,0.31447713950358425,0.8371238132363821,0.4322465923310205,0.21273468052908684,0.852920218725952
snp178,0.7108243643047921,0.31356958598901147,0.4635711113702915,0.1573906672075645,0.5402254653549122
snp179,0.000639766538210683,1.8598293772623862e-08,0.055349543818155884,8.245780187342816e-10,0.0002913859739433673
snp18,0.29900352642078326,0.05647990230889487,0.7658706036944698,0.15502670661952214,0.6218987561223356
snp180,0.8126116785692572,0.9794664286723411,0.002024197458514758,0.9332547355750986,0.7138502688313406
snp181,0.0006579117348423563,0.0010620286410786073,0.9376184839784178,2.865138027729033e-07,0.006939025637272073
snp182,7.118105147482479e-06,2.8213594437518215e-06,0.28025486971967634,2.842208727407096e-11,0.0001713970003785819
snp183,0.6613758095808535,0.0749297873434186,0.5657080419426753,0.18025707767896382,0.9463694712649822
snp184,0.37583611293526964,0.1341354690620952,0.4987000765370576,0.8498109369556628,0.7660805513046964
snp185,0.23209822910114922,0.4375592399499968,0.4249465984091445,0.010819108075423758,0.34333270720203957
snp186,0.755885728434428,0.5531705057042855,0.48271873221293027,0.35374346961760617,0.9987024500872891
snp187,0.006509044038001186,0.001423920043283847,0.6322948711868851,8.04334857660852e-05,0.04708637061471409
snp188,0.09840417928860638,0.007251746177600347,0.6650107732969692,0.006596200193736383,0.058272145863534505
snp189,3.02932719517995e-06,0.0001912338524043551,0.791394540321931,9.876342945416677e-08,0.0004280225339535569
snp19,0.07357331500376076,0.12043033725856941,0.7341064084392872,0.012275642349898027,0.7357449506451643
snp190,0.3194349526408638,0.9310423636942216,0.518228442051138,0.32160868639682083,0.8179007971861644
snp191,0.3559202006527512,0.5637335800728629,0.24907578713406614,0.1574312720301271,2.6711410348929365e-05
snp192,0.7406931356580735,0.028410813292691187,0.06717489103673863,0.6803784226404745,0.5000925600886623
snp193,0.7249568650751747,0.9943888501301309,0.2897687201315284,0.9423431064331107,0.22528071626657092
snp194,0.14983975343158548,0.326360680133837,0.646337524422796,0.18518297228880012,0.3982672073243465
snp195,0.4938629753755095,0.65110868444558,0.6391805526932803,0.32117914676123105,0.20495119561512562
snp196,0.0001325746831808049,3.716511399601688e-05,0.07943873258183021,5.273774404914613e-09,0.09489605372194833
snp197,0.19143822298572571,0.41007383858420676,0.6926228179850906,0.017535642334522164,0.1808100013948709
snp198,0.15548125712638444,0.974053110827642,0.5605332610193456,0.022628694113004798,0.14101636241730112
snp199,0.4699566113070974,0.15367397636896293,0.13040099680066883,0.9494932599448511,0.20674218309776235
snp2,0.3544564191389519,0.32140087080044777,0.13536945061011094,0.0997160016133043,0.15057676865812705
snp20,0.0007945772263035931,0.29696261636936644,0.9631642581455384,0.0016980756008747868,0.032528424113366566
snp200,0.057785025399647534,0.9270917873854152,0.5470412796915034,0.07600222589984812,0.9764077380011101
snp201,0.2800517981582106,0.00925799035259138,0.6742907803293903,0.010620283526675989,0.15288149350951158
snp202,0.2775583979671959,0.6866736704510814,0.8652078084750715,0.8851203311928184,0.36510813878272863
snp203,0.0525129324504818,0.9976227242228762,0.37760118245995644,0.4343523003834354,0.6576384323633989
snp204,0.5127094143824904,0.17629240941457214,0.38270324632256136,0.230778784006912,0.2873865850270096
snp205,0.2394408924045937,0.4001942889559137,0.061192455423747794,0.4333557915337908,0.12689364410524134
snp206,0.06744759042802231,0.3318920568438195,0.7628895501240136,0.3494584015515607,0.6145466329124127
snp207,0.009683233706845948,0.5681903842844142,0.7560725147289598,0.00971715706158631,0.4554993453918421
snp208,0.06216669801396675,0.7399911630221054,0.0057150424372080415,0.17535234784560852,0.5904326759806547
snp209,0.0346566353996294,4.318433685410542e-05,0.2700987254263856,0.00641261137391842,0.06617313239939969
snp21,0.021422699311563046,0.0029179246139281324,0.04283182779102165,0.0033661712647501695,0.15031764692687857
snp210,3.108706118540647e-07,6.797075718959278e-05,0.025654615921697318,8.857379002808596e-11,4.3190552897563445e-05
snp211,2.5999107309585652e-05,4.722467958660369e-06,0.30024438155921757,1.5763078707706524e-10,8.560643699398355e-05
snp212,0.00018779532581688268,3.1885087994958376e-05,0.6121912741236781,1.869393441851718e-08,0.005666852202865631
snp213,0.003988991208387795,0.008100587344402471,0.826011786093878,4.1976346024603216e-05,0.24544152755213583
snp214,0.4524194265628734,0.027496077219936323,0.8838478495590445,0.8551002846011139,0.3816556439028306
snp215,0.007030289301826684,0.0034603691783850745,0.5517696140022506,7.299042573936648e-07,0.10543891396899992
snp216,0.0026306796261565428,0.00042570974658270443,0.8339265022194557,5.591806685855272e-07,0.017584197643835394
snp217,0.055288187544279804,0.012094265780050465,0.8638146931124122,0.0021543321962617505,0.03386818648965805
snp218,0.20489238640672808,0.0061900862128794615,0.3883969453892667,0.03717708172329375,0.5145604078835673
snp219,0.8824093377910613,0.5531346708786133,0.29584396597087603,0.7936735386794714,0.03982479427346196
snp22,0.38933096201274564,0.0505441672069235,0.38147494870927634,0.34152908477773414,0.24880887118385342
snp220,0.3811033755119163,0.8912429136559472,0.7101897295256145,0.39733190611374103,0.45862168948532933
snp221,0.8402448883753981,0.6456750083632516,0.5562915708668056,0.8491278308979058,0.8895873293129632
snp222,0.04965372075146587,0.16701322755600914,0.8410853071549113,0.0005915820353840074,0.0628055983079431
snp223,0.7827325162824872,0.5323479255625876,0.15379833922636416,0.8509123182255134,0.2940141135302273
snp224,0.27822317844762595,0.37416725476805446,0.24877954531150578,0.28128537617987964,0.9307742749894354
snp225,0.07921959136005156,0.2962825520860757,0.8861949609196464,0.10951612283151353,0.42451015153308624
snp226,0.6743393840815642,0.006888732589635736,0.06464607110559945,0.7306706635100865,0.7602171626099087
snp227,0.8298336626369458,0.5828715185082649,0.4910329256712255,0.4891411161836918,0.3475953937855597
snp228,0.04363597918046714,0.4450559191121283,0.6848253406813756,0.5163936852218339,0.025460431278053208
snp229,0.7437407123385816,0.9057870677249853,0.6675059832018013,0.7820453486172034,0.7718703907994994
snp23,0.11207765545199064,0.14480140008925066,0.3971583785123828,0.230059312957031,0.8250599716329672
snp230,0.004852878671597045,0.03096964613186276,0.2313469952229657,1.817623093735354e-05,3.5544411700883024e-05
snp231,0.43724470851496233,0.040351884590603904,0.1188220121825526,0.10123312808544783,0.7465214967604068
snp232,0.25439386663940383,0.8328745686212503,0.6403408859599937,0.40112417493244645,0.16251042219859163
snp233,0.36101695356393815,0.875105130106749,0.5694039597368887,0.5129887215527807,0.2613836376839988
snp234,0.21142208124729936,0.06552985521996364,0.05964231603392621,0.06062040870917813,8.289033889345873e-05
snp235,0.0005168002635754054,0.02437205381597585,0.4338237544234238,3.8188232517249005e-07,0.18046454979157364
snp236,0.8427933625620145,0.44579898743751956,0.8522874154099345,0.9370677150267102,0.5881733511343654
snp237,0.6368228920579604,0.1439743765516878,0.4065423203236761,0.2975923780237952,0.5649437349014124
snp238,0.06292197443323128,0.697684158192087,0.5144387290515657,0.13924595198262693,0.10066210078233928
snp239,0.0030768533724343473,0.009605800853820439,0.1226974209476634,6.714771309816313e-05,0.5481468851238331
snp24,0.4522417948636628,0.21852848656979473,0.4640932302198847,0.8113640391052201,0.2970568453180549
snp240,0.05616404221420594,0.011966099630278445,0.0006200089560047699,0.0024241320682851404,0.2531913568997223
snp241,0.1526206133346941,0.2598077211640467,0.5455833219834451,0.02198446919683784,0.5743663353700716
snp242,0.054713747174034454,0.0018499380165092384,0.2760344505920062,0.04802040388368399,0.0018467591699837134
snp243,0.9669679860605727,0.8741504742394269,0.41552273055307953,0.9096634463711689,0.26627626838158286
snp244,0.051198555245773374,0.01722277207512012,0.8980479229517283,0.0021590930292968926,0.06803684428203131
snp245,0.9963675020040066,0.3550036540114204,0.2577548849298261,0.9743828510578655,0.9780943158685678
snp246,0.4424822016840544,0.4743700921381482,0.3213297038809361,0.5681001225684712,0.5622553473349661
snp247,0.0003545176726223199,0.001585163315907462,0.09267199180534574,2.1985826779409193e-07,0.007249257863074984
snp248,0.006551876645227939,0.45308550154893545,0.6028366603322382,0.0012885273035527101,0.10701168101724721
snp249,0.2773863960003948,0.018318788733593754,0.45739029352981186,0.06138600365973567,0.3372505804777959
snp25,0.18742852718143652,0.04198306393532834,0.6254751880427456,0.1222310141708701,0.37314286997880797
snp250,0.09647504208428985,0.04352677511870832,0.5407791987980571,0.002464239452397118,0.12417770885290907
snp251,0.5059055590856467,0.8429279401334508,0.2919957501202778,0.26185518065022595,0.8152809207923343
snp252,0.1333248154340957,0.4875314285888229,0.19413762793104267,0.3329181202495791,0.4465129743122431
snp253,0.011052401771027277,0.006663880579655781,0.5966959135786893,0.0007334438535371676,0.021860092745622988
snp254,0.45229988648326036,0.004021999436235874,0.8331783806841951,0.31250470068775243,0.8616352161938914
snp255,0.3069764173243462,0.16076689808106032,0.4024158675916216,0.10266933123687277,0.19489847712118688
snp256,1.2623632600231387e-05,7.380398884821443e-06,0.021890565703155274,1.266060350462661e-08,0.0005101592515862281
snp257,0.5097682668175756,0.9529306442881643,0.010504828032525986,0.3947905371454403,0.009650248056935859
snp258,0.13599415384687552,0.0967558131200043,0.5731259496364912,0.16404935462872866,0.7632311824214002
snp259,0.3256061932795393,0.0034375723674675263,0.819398315541221,0.0174578135019586,0.13338091336752522
snp26,0.9564069815818085,0.031188502517203866,0.7540874237739392,0.9347466354066152,0.12364873910645419
snp260,2.1891850586678302e-05,2.8713675056721977e-10,0.6931694336971337,0.0017946354019372807,9.028900013810528e-05
snp261,0.7634336034900733,0.9885317720622028,0.47990217351815934,0.5265397287253653,0.3407022501374821
snp262,0.13460441236130602,0.847993047029198,0.7023742130827582,0.3350396717794494,0.8644075605994056
snp263,0.09838367076240598,0.14292422651486425,0.5368749686477938,0.09720242976760915,0.24486656610986585
snp264,0.3288726101166317,0.05109231544302664,0.4732481491561058,0.2821877325064032,0.5778704046182115
snp265,1.6374293793957659e-07,4.16041480553163e-05,0.1192043965472718,2.1869914302276443e-09,0.13756705791167112
snp266,2.7952954265763325e-05,1.843915366265062e-07,0.011685828795066463,1.8437669373360676e-11,0.00020494968883828758
snp267,0.06101797204217481,0.17026221196073474,0.459091839047409,0.05448362245580191,0.15366435280544494
snp268,0.41264181024280555,0.00297131252706477,0.8330566374714568,0.02306918843135267,0.01031999270582251
snp269,0.11948854930978613,0.11085174219821169,0.5592655400542517,0.024772240388624012,0.7565378534648414
snp27,0.05903885750952203,0.08816396724596934,0.6442287509574212,0.05460649866044017,0.19324914391470835
snp270,0.5801476456374037,0.048183393031365276,0.999362843066306,0.15925462995922046,0.597450784542976
snp271,0.40982493323328606,0.1850729762879055,0.039988352191522095,0.4520831241999639,0.9748701238650197
snp272,0.2222711037163641,0.3149857575234821,0.04809076198675827,0.5757736681654555,0.8007334985281429
snp273,0.16486229288033194,0.018913150823069096,0.20972090823047013,0.4203908923054628,0.28710712131800886
snp274,0.21392606497172323,0.05274868537351877,0.6471799001363105,0.002004553204915443,0.6803664502318311
snp275,0.20289354573049917,0.16458618691801924,0.6856996893645055,0.16811309761394985,0.5252985048197949
snp276,0.14473366156370673,0.09245916873556319,0.5639201664287439,0.7105390051480488,0.9551138639122501
snp277,0.7766388697296062,0.8680447150425664,0.23140129813838492,0.38530465946629777,0.054916661733317544
snp278,0.019040457936088027,2.9915818660624157e-06,0.6329821927441771,0.11286753406679913,0.0027206778954463546
snp279,0.00365059164476529,0.11726747293557716,0.36573311246771945,0.005950664334538746,0.1461326023555586
snp28,0.47517761528512825,0.4673222981575986,0.8327890764785492,0.3512879682193569,0.9279271878060311
snp280,0.005664526853068229,0.007654921723106977,0.1101610453981597,0.00012529371595804104,0.10912035893256689
snp281,0.8024236610433212,0.5850540739398754,0.3510340514788217,0.865363644734473,0.1451347014660122
snp282,0.6421630660334077,0.3830750758977933,0.9558186155268933,0.8823366091347469,0.22731886486989897
snp283,0.16687677604399023,0.9350226990273652,0.46946435332132286,0.0908549015781834,0.06381547187566194
snp284,0.09715964622228089,0.08078331283678165,0.704373172875908,0.09014015246427821,0.4917372338185708
snp285,0.568543389347447,0.6536136590036966,0.6079227909469673,0.9100768034161599,0.28530992657705667
snp286,0.09004093673393895,0.9556878301012313,0.009064401081181787,0.023029889513749145,0.2658839241729961
snp287,0.3239319210255833,0.21901802161186643,0.4866406185915211,0.4405084104866863,0.39199740951091555
snp288,0.01761340566254497,0.45246647884147406,0.6922310860362367,0.021912019319305087,0.2997030828914397
snp289,0.23282606494942718,0.9008567165377412,0.16824093152763556,0.05844413899113553,0.0007522024413510259
snp29,0.9773443455207911,0.03359605186836892,0.9169775685818518,0.6876912224273185,0.36639240867883205
snp290,0.2246795687775765,0.6318962551331537,0.05418271810885448,0.3431177151134873,0.06918906201420931
snp291,0.4307826301911041,0.7683131786740612,0.756218620976133,0.37672849941083597,0.6902472433473896
snp292,0.2974486616180148,0.29662126831998253,0.35726346009528964,0.9566154611243981,0.4390891934205493
snp293,0.26906468584644944,0.2379184093190284,0.7219719059333143,0.15660262096413277,0.7306700275953941
snp294,0.04886165848007836,0.024435043817463423,0.7495968294867303,0.001961081886647132,0.9277764040599149
snp295,0.20578430205384673,0.35640096314624237,0.9384929677200247,0.09545433337935924,0.589075536788918
snp296,0.0061100541078366565,0.0021101199086379172,0.35481776701442125,0.00012842550930964645,0.02395390213603548
snp297,0.06529497253079425,0.013787413767621997,0.2365107447925317,0.002473136537597657,0.09593156299435002
snp298,0.28109790750036506,0.39965390948352875,0.7904411639266629,0.1899073563993226,0.1813491237930914
snp299,0.004930555235414243,0.02343855656739416,0.3250908724023942,0.002546585896327703,0.5519877868523331
snp3,0.4588489706512231,0.8360308351070957,0.6634681384297147,0.38469854821165994,0.1896591795757788
snp30,0.6786552301355173,0.09762056563113067,0.20168410156529515,0.1485268135958063,0.8887631567851566
snp300,0.08310318208084116,0.3154764433909461,0.30691483071989006,0.4201027492447269,0.18645249753622747
snp301,0.10037706339444155,0.0015188347193069293,0.5967609195373511,0.5444305918581609,0.24727485373384606
snp302,0.388468321565719,0.784658291744827,0.44386879172104776,0.7924271987636025,0.4181762816624126
snp303,0.037075321683438155,0.017782408331015662,0.5186118056740334,0.0023499338148232915,0.4435544435692734
snp304,0.49023684277940127,0.7990263827277511,0.28607685390348064,0.4752620238976246,0.7510622788654272
snp305,0.019317009697293525,0.00010867248557717899,0.22748623078509084,1.5193178508179631e-05,0.012173106109189749
snp306,0.9318134210192701,0.9526336521830658,0.6979970679511487,0.6903213028235413,0.7443192128233307
snp307,0.0005283807274467736,0.0005187672111952893,0.049214336212336784,1.860001262028991e-07,0.07753869071936507
snp308,0.40316725258239705,0.3061398875340101,0.8123302236269639,0.6024671548828842,0.5943235300802885
snp309,0.42448783216891106,0.6877869927998814,0.5533374103352902,0.8063797786199057,0.5942045759654557
snp31,0.009089088536421553,0.23996895784950473,0.9080203602262358,0.028934060942124425,0.33454024236187907
snp310,0.8068021147414115,0.013705692773277342,0.8202032612796253,0.6484768314428712,0.4047029746346389
snp311,0.14038009747547278,0.1445899116046766,0.005967270741899885,0.32810780202701395,0.2838175985225
snp312,0.35341258037380086,0.0075545304103562475,0.5102023807175182,0.48098553877178973,0.24464365645326983
snp313,0.4512503712783207,0.041572986895136214,0.8975061220920276,0.6061054790716731,0.6888332315818089
snp314,0.4588505849882497,0.1626934944033578,0.9932079619965674,0.839814779535238,0.9206973216135186
snp315,0.0908126747247049,0.1251558574218821,0.1050210324823005,0.22744400084153107,0.41182767406567067
snp316,0.7823995795851175,0.7139631762238554,0.2964712964610313,0.9139349271369916,0.8272267248231528
snp317,0.23691544524134486,0.7574376905095329,0.6942833112687163,0.13949687374443415,0.3587343592378909
snp318,0.9339818237422257,0.5332859204538316,0.8708894849551803,0.7810455603135075,0.6298177835480251
snp319,0.4729949660174565,0.6147052962666504,0.255771739014008,0.745868359989835,0.9268606742505207
snp32,0.29079433290822726,0.7489649832609236,0.15445370445555492,0.3954201352325032,0.7595052546881628
snp320,0.0037272001236636665,0.00887345858535028,0.23948702407160985,2.4742553210974552e-05,0.00010398960632175503
snp321,0.5348921772114399,0.874653998634763,0.34827403978217464,0.7186231936226306,0.2765738434904161
snp322,0.5821189788173449,0.38565036929476904,0.9116319975068887,0.8217857356850122,0.5613022768884319
snp323,6.060155405792797e-08,4.4926386338696263e-11,0.20012929375478458,2.410707585624686e-16,1.8044243580425238e-05
snp324,0.1093614440719173,0.021073726744740725,0.28565629893051936,0.03696292462519393,0.2957177486590412
snp325,0.4846205495527822,0.21225530039613036,0.5936246605686186,0.9966813148545024,0.6830330529798055
snp326,0.2576688663837078,0.4801074408597913,0.5181785312484817,0.8367097501887553,0.807227349600047
snp327,0.12904932957307746,0.4540608423064133,0.6110200018892997,0.04358528873279952,0.8011252721990723
snp328,0.20913081921372964,0.5454088550200368,0.2676159899916848,0.4802613075488992,0.49672180055204895
snp329,0.3260080764145036,0.2678754477401732,0.3335818550310018,0.9018468615297976,0.3824639030255189
snp33,0.7048136317398319,0.1785816439725875,0.4306546175958278,0.4766278144316841,0.43788380681752104
snp330,0.20175468901346383,0.008698461906008663,0.32924751350738723,0.07420116127503977,0.12559701661952588
snp331,0.00770217407587534,0.01990216530312229,0.39740115421824906,3.6313963830383127e-07,0.0968872478963312
snp332,0.1521402946991003,0.23485343394611366,0.5771247983667038,0.3483950956047057,0.8687271156909748
snp333,0.6930581753755605,0.5445237244966743,0.3596596749267166,0.29119609648774064,0.6884224339442487
snp334,0.8836553964485047,0.18248204734077456,0.9169767659656133,0.8299460509230682,0.475095583101406
snp335,0.23831795531113747,0.4694766089365128,0.08850280981741415,0.8036131974757884,0.6433884762099256
snp336,0.42662476807028316,0.3038569467137394,0.2992767646146563,0.6528628085067874,0.41920174229586427
snp337,0.0007938724462261967,7.633616235974724e-10,0.01937525351650195,9.452915714173798e-08,0.009117426149415162
snp338,0.003816773585413391,0.8354401905390778,0.5022855931572445,0.001005991890491006,0.279926500588177
snp339,0.5211474379929295,0.7610494712759752,0.6362899099001273,0.7155923891518764,0.08995714801515636
snp34,0.8624481899089358,0.4642755037928946,0.7975719303186961,0.47397185409603015,0.021721270445812707
snp340,1.6966634995346458e-06,1.7099243875617855e-06,0.6658629832757906,9.710551716396742e-13,0.0024994584298674064
snp341,0.27851727641242086,0.0002937969848811772,0.16795456325178526,0.03284422776783523,0.1176781366079003
snp342,0.8529471374064275,0.9930688112512243,0.00406290742895057,0.1496651787164616,0.6188678284204928
snp343,0.0019180253137696776,6.293550972413784e-06,0.19715978796919859,4.873620251012108e-08,0.00011948743686633375
snp344,2.776373004394338e-07,4.868154774510541e-07,0.10493240761468205,7.819701750458449e-14,0.0008319566862483087
snp345,0.370094051911227,0.9717109824449692,0.645974541018076,0.8276262477009877,0.3661153020368292
snp346,0.304666043336497,0.7501181283760056,0.9471003643572129,0.20312103718519015,0.28089157064519027
snp347,0.876520274620995,0.1602596608984973,0.3532894163047712,0.257245731708919,0.6743197295056984
snp348,0.5657287639711222,0.3898195371321268,0.03869802018259026,0.19765542735653593,0.2814381668613832
snp349,0.05933756467246578,0.0016449336806823583,0.01986454738481625,6.789232843683743e-06,0.38871956177584177
snp35,0.3834378536734532,0.3208214920831747,0.15311504867622586,0.9877781389033319,0.9292573415561636
snp350,0.27698581770629677,0.4587883027238461,0.9766878060074258,0.7023067382328574,0.2565500786222213
snp351,0.00023476473181816473,0.0008861902209285286,0.2676147478710047,5.113446219485396e-09,0.0022257366758100033
snp352,0.3256843178842056,0.1519832230879925,0.3751824873678705,0.07948175793924063,0.2136628628078308
snp353,0.008939017658832378,0.5917634335619597,0.39658925904870956,0.0014308375499800573,0.909564625417906
snp354,0.07520964290048873,0.0013435824503233826,0.9817870093471945,0.0008213798476587521,0.01317828339366545
snp355,0.4142299163036497,0.48169893291138377,0.7351906641640298,0.8019044535973758,0.38462394986322923
snp356,0.15080829781214244,0.7942366208712875,0.7499957295075985,0.3512461690428924,0.08595343217235013
snp357,0.2885766193547493,0.03345288729974436,0.4649709706999531,0.4899207515516044,3.533291146891082e-11
snp358,0.5033599087890352,0.6977470803893118,0.977158717917739,0.6278437909583312,0.163890721751232
snp359,0.8827750868080162,0.7245307008921017,0.6552557565768031,0.8633844087472365,0.8546530940001821
snp36,0.04977424346978793,7.1076043263566984e-06,0.4380945654195031,0.40355494667104597,0.007081167633152973
snp360,0.20886472761010097,0.688867084874651,0.4165207504334423,0.6688632414850065,0.10041811740196488
snp361,0.18710442091894405,0.00142461378171248,0.7539999322186347,0.0003092093631082651,0.008677639857149736
snp362,0.7372380923844641,0.6839981644662636,0.26595194077417533,0.816098335485298,0.4096316876194349
snp363,0.6514975516055332,0.06863782213098787,0.7172745288368898,0.00647135512552442,0.04404000513594532
snp364,0.30795551901485274,0.54648135748027,0.8973030713317123,0.13916184333629958,0.7544947402243873
snp365,0.15930368732227557,0.1495639616807975,0.5749638601591294,0.2548296240754933,0.49469065338128504
snp366,0.00766063544981662,0.013120769435016246,0.6963329166363638,0.000774957998832242,0.30270265044252115
snp367,0.25904221049475873,0.08764441126578705,0.7628331624763713,0.03887355521212625,0.606249591315349
snp368,0.44525313295030955,0.023352100833649556,0.5973313145471184,0.5242958797773931,0.3208719244257035
snp369,0.07264483335489472,0.015708727728451822,0.5904284154063665,0.13126653619075854,0.2615883268708469
snp37,0.01572314444104549,4.960568096118828e-05,0.10720632812696809,0.13719105384840363,0.026100167118071654
snp370,0.005894003324762232,0.06060208227233693,0.21448216353727795,0.31338482917870975,0.7985144170181301
snp371,5.779507761112282e-05,0.00012548429995679056,0.5818416670281119,3.648716733256595e-09,0.00013748779469386672
snp372,0.15815567171806447,0.016149536130984913,0.7792956902567636,0.8203258635737867,0.9599471459921738
snp373,0.11481689609439906,0.0015199019028419914,0.8652896075398239,0.1535153855739855,0.40653081015632264
snp374,0.19434798052274352,0.001176698580254647,0.6514315061850801,0.33605644241597943,0.28882858279000045
snp375,0.4417219785626101,0.0007410995066734652,0.9409320805824106,0.3717367224997097,0.2560138128228831
snp376,5.53100646506904e-05,8.20539704713002e-06,0.06588015805301065,3.1554455764732944e-12,0.006839751282032484
snp377,9.165657943462928e-05,9.739038413223965e-06,0.09193885390779372,8.630725097281195e-12,0.005932098772361753
snp378,0.4225752133196744,0.0008981319650528612,0.7124314430142844,0.3494749853860837,0.2993176495368661
snp379,0.46730191733826953,0.012734417183083345,0.8353499541658636,0.3079719230846302,0.0545172686326027
snp38,0.9400213770083471,0.4947731095568011,0.18478765581393997,0.42703353878325556,0.8588313167251781
snp380,0.043173098559725016,0.0011034843230474593,0.3235234567360413,0.12080471168890564,0.14529333871202396
snp381,0.3583108259175518,0.012392367458086216,0.6192375412235703,0.35208809710970645,0.2678194469909298
snp382,0.10644712895524984,0.6079273322588461,0.06997583373181579,0.13596088743403645,0.17212527796712807
snp383,1.4774460033749905e-06,0.0006835752785805256,0.9007926559404651,3.9224003853298703e-11,0.001564222934212662
snp384,0.08147541888644275,0.13048788213583065,0.5387812301550001,0.056884433021988055,0.7813857250840908
snp39,0.8849907091254732,0.9673301946244068,0.1265451742784589,0.7226701195276841,0.6194041077566705
snp4,0.9061051637422283,0.021342060372239548,0.48258388449274026,0.7603351465389614,0.5766826378007952
snp40,0.5382187997077175,0.0024670613887582712,0.6342728592493474,0.47025640376566624,0.13401005693832688
snp41,0.6345212761016777,0.854544878401333,0.24707754022848633,0.6034862544804407,0.4347183773440544
snp42,0.022701468316116555,0.04479391405533129,0.43150154360204673,0.004950649030822257,0.7201769891462368
snp43,0.6442287278744729,0.3294328826423114,0.3049720251635173,0.439571286907932,0.8069414402448505
snp44,0.9928412470007263,0.7561981498332656,0.179671591304206,0.8889131993336263,0.6533060406124415
snp45,0.0604156326392313,0.5517928792510065,0.9526052940830743,0.02772196625137061,0.9028054598409673
snp46,0.6681625241194662,0.5933561123043323,0.23295817759585705,0.8869334697159206,0.8200655521453075
snp47,0.8609148523385336,0.9030230128373633,0.47521591300874577,0.7930928363903671,0.8596163390458937
snp48,0.004098228144039182,0.018821731778074696,0.7356173437697894,0.006746643237377991,0.5856718964103778
snp49,4.5594346560672905e-09,0.012367144515636763,0.544267725035674,6.069534437201184e-11,0.0030216545114561616
snp5,0.0932256925509431,0.13758038935751435,0.008231463521326822,0.14674308755998977,0.30517444718000636
snp50,0.014528776451357629,0.0001777999985364536,0.46912199854488723,0.060447278063291324,0.1089295484816076
snp51,0.3311048814213664,0.15732030089274512,0.35471255981616323,0.08625896250528965,0.7744014495114651
snp52,0.9165935885146634,0.0038640365388825015,0.12113463063505249,0.9539286605868307,0.6290204961948724
snp53,0.30636837548722384,0.8926811548556669,0.7611256444902257,0.26221273971030534,0.08460065264172473
snp54,0.15705338474051206,0.28573569162951884,0.3660361996962497,0.3390242917821713,0.9171603616506772
snp55,0.5846937919462273,0.03906409226550128,0.8912369209315166,0.7698297977330144,0.8676585355851429
snp56,0.04280891064673834,0.0036757706358329723,0.4190392167507422,0.0002800474845900406,0.1348787021520698
snp57,0.4051513521663792,0.24157437760930756,0.25284764704053236,0.6148329087001634,0.7946561475636462
snp58,0.02644560510473878,0.161171906570844,0.5985259125740472,6.53969360898056e-05,0.3820237543269861
snp59,0.12356988402914978,0.22230022827151683,0.06605767168512007,0.24412622435518486,0.9694305365327325
snp6,0.47622121480458,0.7021793068695683,0.7326618360197238,0.9591023390715248,0.2665832997258137
snp60,0.3459751395671118,0.043757710897838246,0.955804181200953,0.3917049938904329,0.7118126562787814
snp61,0.5421624116942472,0.7714413861735485,0.588735753701126,0.06285068977722058,0.21001662900854084
snp62,0.44521634850445946,0.006680128755174251,0.44906604710735043,0.6550698482460213,0.30743137048873276
snp63,7.766202151194497e-07,1.4079584282670811e-05,0.4705554520501538,1.3463088451518375e-13,0.0006355252951582882
snp64,0.8534351445011047,0.7022272710496801,0.628542985410427,0.2781674386306857,0.5775763477759616
snp65,0.0007450236654415295,0.0026242029472671774,0.36159498228045783,0.0007216988950631185,0.035658447001730764
snp66,0.32284325935204006,0.2322647031047848,0.879893502990179,0.5652024102323507,0.2362964771036222
snp67,0.10959170771412194,0.5820918815321791,0.9850261610046361,0.17844948313720138,0.7391619289085574
snp68,0.20693844328622168,0.9227946978431665,0.698917695715008,0.3036748685229328,0.13971567884743138
snp69,0.4008762252909529,0.1903503053608479,0.4425775985923729,0.3254362875389568,0.012586249964359223
snp7,0.006577108000098377,0.9106618970408048,0.3384330552845628,0.03500199332304418,0.27646015957839776
snp70,0.38247931128814994,0.02062877828374203,0.18148960100975112,0.8117292430532839,0.8657192472313573
snp71,0.14357353945484874,0.3121836739060601,0.2075452026516818,0.43265896187083275,0.7539999529844794
snp72,0.6702210085341656,0.5415612551904191,0.6082522253575073,0.2565996964576055,0.1554312093283486
snp73,0.08141305133505258,0.2082512534438898,0.8799476247989019,0.9728981051838318,0.9663985931659934
snp74,0.029574311357659235,0.01601997289976566,0.31188366073265816,0.01807325673722901,0.1692366327925948
snp75,0.806070657010286,5.956514899560544e-05,0.7931220308289213,0.9454098005399085,0.8048463249531792
snp76,0.5124277239448789,0.22204760265123125,0.4303984987775227,0.0345259474974098,0.5304779000872992
snp77,2.7713599155357395e-05,0.0010499027633872682,0.9744908396212085,1.2559065110279506e-09,0.004876732282352004
snp78,0.08117984215305328,0.26087751341907256,0.4670728884827401,0.06890169569398619,0.800394995127901
snp79,0.8197416170872901,0.5084683796360795,0.9661943784814548,0.7215391646982368,0.5556925022775678
snp8,0.7336014385351597,0.5003777651785306,0.2596767774563995,0.7031459633159352,0.2330668323412811
snp80,0.16784299392031754,0.9100404726888514,0.6569756237253843,0.7981183781432085,0.32043418028204496
snp81,0.9962442650993152,0.4589914120420284,0.8210753057643165,0.8571962551464213,0.6870001747875434
snp82,0.2351493229640186,0.19636856822833287,0.4413412019287476,0.05540805638627246,0.01907719995840085
snp83,0.49642188170659496,0.13116197803880458,0.026603961918021054,0.5313789561488618,0.8300208298702875
snp84,0.5265317706193524,0.21411530126497355,0.21199987868748793,0.9675356026188473,0.11562176917630582
snp85,0.02332037202995516,0.0014205239260293005,0.41394431732011183,0.001962894625954586,0.3536516567379109
snp86,0.05939883673915895,0.5949245737733886,0.12113706770190512,0.10674296443759457,0.2795377801422468
snp87,0.003682972619377377,0.009142716732698236,0.8114423168693933,0.001162256247848313,0.20460008929645274
snp88,0.04118229714522821,0.04705693943119798,0.86146699790803,0.0006037687823503047,0.05056964125575453
snp89,0.0006034148253563834,1.9773446711699936e-06,0.09927911808799701,1.0480992934246851e-08,0.06304840989902952
snp9,0.9907617583015453,0.00032870982111311815,0.7585658798072005,0.3302996052642082,0.6793617574916007
snp90,0.30494110440220035,0.7140158572357818,0.15590395121788683,0.9414305938006182,0.9597066238821781
snp91,1.14466810013004e-06,6.281362508737967e-10,0.03233417489313322,6.081330231139862e-09,0.11447994685891298
snp92,0.00012280024418703938,0.01133208417813025,0.08171180993651055,0.00013677422284893886,0.08677198818675376
snp93,0.8484462088349121,0.4909072949785016,0.3371886520570143,0.4901714810885368,0.46262144606611466
snp94,0.8318329892481093,0.8781913626192686,0.6673592136112161,0.21143927338934565,0.33018446811588564
snp95,0.5226201311443426,0.862626848234569,0.2560206345299006,0.704901312900835,0.010788880425410102
snp96,0.31247535005776683,0.9859037812455204,0.7073033985293068,0.32994026487977235,0.2079406971641385
snp97,0.09228518500266324,0.19507613948111752,0.12420064264437355,0.0013907742701684885,0.006339914751830437
snp98,0.15829801050796388,0.001978863244302638,0.6987087522933392,0.12165114119719028,0.5045674409251677
snp99,0.560482476416713,0.804625065734566,0.0173461208911184,0.754847769172839,0.43199003953792336
